{"train_losses": [2.077937364578247, 1.777627944946289, 1.5763798952102661, 1.4287101030349731], "val_losses": [2.371701717376709, 2.8391172885894775, 3.284431219100952, 1.6797574758529663], "train_acc": [0.22610175609588623, 0.3342147469520569, 0.4165264368057251, 0.4771033525466919], "val_acc": [0.09985977411270142, 0.10316506773233414, 0.11879006773233414, 0.40024039149284363], "best_val_loss": {"loss": 1.6797574758529663, "epoch": 3}, "train_eval_loss": 1.635887861251831, "train_eval_acc": 0.40815305709838867, "target_epochs": 4, "epochs_ran": 3, "train_time": 59.01482629776001, "file_name": "aug_at_end_data_skew_12_15_04-11-2021_21-36-48"}