{"train_losses": [2.0588464736938477, 1.7476311922073364, 1.5591342449188232, 1.4155004024505615], "val_losses": [2.3715858459472656, 2.634531259536743, 2.9448413848876953, 1.6712599992752075], "train_acc": [0.23337340354919434, 0.3538060784339905, 0.4294671416282654, 0.4826722741127014], "val_acc": [0.09985977411270142, 0.10006009787321091, 0.1223958358168602, 0.41796875], "best_val_loss": {"loss": 1.6712599992752075, "epoch": 3}, "train_eval_loss": 1.6130057573318481, "train_eval_acc": 0.42415866255760193, "target_epochs": 4, "epochs_ran": 3, "train_time": 59.149054288864136, "file_name": "aug_at_end_data_skew_12_5_04-11-2021_21-26-29"}