{"train_losses": [2.0594980716705322, 1.731615424156189, 1.717496395111084, 1.5915677547454834], "val_losses": [2.3679239749908447, 2.6448898315429688, 3.062723398208618, 1.8185248374938965], "train_acc": [0.23936298489570618, 0.36374199390411377, 0.3661658763885498, 0.4153645932674408], "val_acc": [0.09985977411270142, 0.10016025602817535, 0.10396634787321091, 0.3539663553237915], "best_val_loss": {"loss": 1.8185248374938965, "epoch": 3}, "train_eval_loss": 1.7999917268753052, "train_eval_acc": 0.3575120270252228, "target_epochs": 4, "epochs_ran": 3, "train_time": 60.76781225204468, "file_name": "aug_at_end_data_skew_12_9_04-11-2021_21-30-36"}