{"train_losses": [2.050020933151245, 1.8179104328155518, 1.5730855464935303, 1.5727840662002563], "val_losses": [2.3368420600891113, 2.8620214462280273, 2.895028829574585, 1.609285831451416], "train_acc": [0.23960337042808533, 0.3215544819831848, 0.4210536777973175, 0.420352578163147], "val_acc": [0.09985977411270142, 0.10266426205635071, 0.14332932233810425, 0.40825319290161133], "best_val_loss": {"loss": 1.609285831451416, "epoch": 3}, "train_eval_loss": 1.5754963159561157, "train_eval_acc": 0.4198918342590332, "target_epochs": 4, "epochs_ran": 3, "train_time": 60.41723442077637, "file_name": "aug_at_end_data_skew_12_3_04-11-2021_21-24-24"}