{"train_losses": [2.055408239364624, 1.7256019115447998, 1.5363373756408691, 1.4102216958999634], "val_losses": [2.348316192626953, 2.574434757232666, 2.6168134212493896, 1.6316064596176147], "train_acc": [0.23878204822540283, 0.36338141560554504, 0.4362580180168152, 0.48501601815223694], "val_acc": [0.09985977411270142, 0.09985977411270142, 0.1820913404226303, 0.4203726053237915], "best_val_loss": {"loss": 1.6316064596176147, "epoch": 3}, "train_eval_loss": 1.5806164741516113, "train_eval_acc": 0.43307292461395264, "target_epochs": 4, "epochs_ran": 3, "train_time": 56.208876848220825, "file_name": "aug_at_end_data_skew_12_20_04-11-2021_21-41-51"}