{"train_losses": [2.0562915802001953, 1.795822262763977, 1.660173773765564, 1.5553159713745117], "val_losses": [2.3599064350128174, 2.615062952041626, 2.9664509296417236, 1.7888137102127075], "train_acc": [0.2271834909915924, 0.32632210850715637, 0.3833734095096588, 0.4238581657409668], "val_acc": [0.09985977411270142, 0.1067708358168602, 0.13511618971824646, 0.34104567766189575], "best_val_loss": {"loss": 1.7888137102127075, "epoch": 3}, "train_eval_loss": 1.767313003540039, "train_eval_acc": 0.3488982319831848, "target_epochs": 4, "epochs_ran": 3, "train_time": 58.100937843322754, "file_name": "aug_at_end_data_skew_12_7_04-11-2021_21-28-32"}