{"train_losses": [2.10026216506958, 1.8221673965454102, 1.6635631322860718, 1.5643737316131592], "val_losses": [2.340688705444336, 2.695662498474121, 2.834601640701294, 1.6383944749832153], "train_acc": [0.2178685963153839, 0.32451921701431274, 0.38579726219177246, 0.42397835850715637], "val_acc": [0.09985977411270142, 0.10016025602817535, 0.12449920177459717, 0.3815104067325592], "best_val_loss": {"loss": 1.6383944749832153, "epoch": 3}, "train_eval_loss": 1.6200902462005615, "train_eval_acc": 0.3869190812110901, "target_epochs": 4, "epochs_ran": 3, "train_time": 58.187437772750854, "file_name": "aug_at_end_data_skew_12_16_04-11-2021_21-37-49"}