{"train_losses": [2.0793747901916504, 1.801612138748169, 1.657150149345398, 1.5641605854034424], "val_losses": [2.3586206436157227, 2.7958457469940186, 3.1659679412841797, 1.8721801042556763], "train_acc": [0.2289663404226303, 0.33008813858032227, 0.38655850291252136, 0.42177483439445496], "val_acc": [0.09985977411270142, 0.10016025602817535, 0.11528445780277252, 0.3439503312110901], "best_val_loss": {"loss": 1.8721801042556763, "epoch": 3}, "train_eval_loss": 1.8660598993301392, "train_eval_acc": 0.34226763248443604, "target_epochs": 4, "epochs_ran": 3, "train_time": 59.46083641052246, "file_name": "aug_at_end_data_skew_12_13_04-11-2021_21-34-47"}