{"train_losses": [2.0282506942749023, 1.7889678478240967, 1.5720329284667969, 1.5594483613967896], "val_losses": [2.3799326419830322, 2.8894760608673096, 2.954549789428711, 1.5890796184539795], "train_acc": [0.24393029510974884, 0.3344351053237915, 0.41724759340286255, 0.4230569005012512], "val_acc": [0.09985977411270142, 0.10016025602817535, 0.14032451808452606, 0.41356170177459717], "best_val_loss": {"loss": 1.5890796184539795, "epoch": 3}, "train_eval_loss": 1.5726540088653564, "train_eval_acc": 0.4198116958141327, "target_epochs": 4, "epochs_ran": 3, "train_time": 60.91425275802612, "file_name": "aug_at_end_data_skew_12_12_04-11-2021_21-33-44"}