{"train_losses": [2.119539976119995, 1.8381006717681885, 1.6826906204223633, 1.578648328781128], "val_losses": [2.37935471534729, 3.1560864448547363, 3.0959272384643555, 1.7711321115493774], "train_acc": [0.20953525602817535, 0.3155248463153839, 0.37956729531288147, 0.416386216878891], "val_acc": [0.09985977411270142, 0.10016025602817535, 0.15895432233810425, 0.3489583432674408], "best_val_loss": {"loss": 1.7711321115493774, "epoch": 3}, "train_eval_loss": 1.7575068473815918, "train_eval_acc": 0.3539663553237915, "target_epochs": 4, "epochs_ran": 3, "train_time": 58.757822036743164, "file_name": "aug_at_end_data_skew_12_19_04-11-2021_21-40-51"}