{"train_losses": [2.074863910675049, 1.815147042274475, 1.6718579530715942, 1.5691081285476685], "val_losses": [2.327758312225342, 2.6059510707855225, 4.022349834442139, 1.934898018836975], "train_acc": [0.21927084028720856, 0.3146434426307678, 0.37928685545921326, 0.41828927397727966], "val_acc": [0.09985977411270142, 0.10016025602817535, 0.11618589609861374, 0.3547676205635071], "best_val_loss": {"loss": 1.934898018836975, "epoch": 3}, "train_eval_loss": 1.9061208963394165, "train_eval_acc": 0.35789263248443604, "target_epochs": 4, "epochs_ran": 3, "train_time": 59.569161891937256, "file_name": "aug_at_end_data_skew_12_10_04-11-2021_21-31-39"}