{"train_losses": [2.071425437927246, 1.74566650390625, 1.5531165599822998, 1.4213430881500244], "val_losses": [2.343315362930298, 2.7758257389068604, 3.1488468647003174, 1.617762565612793], "train_acc": [0.23812098801136017, 0.360216349363327, 0.4322916567325592, 0.48173075914382935], "val_acc": [0.09985977411270142, 0.09985977411270142, 0.11648637801408768, 0.4339943826198578], "best_val_loss": {"loss": 1.617762565612793, "epoch": 3}, "train_eval_loss": 1.559881329536438, "train_eval_acc": 0.44234776496887207, "target_epochs": 4, "epochs_ran": 3, "train_time": 59.65094041824341, "file_name": "aug_at_end_data_skew_12_2_04-11-2021_21-23-20"}