{"train_losses": [2.0258564949035645, 1.719575047492981, 1.6784708499908447, 1.5691648721694946], "val_losses": [2.3707783222198486, 2.554413080215454, 2.806086540222168, 1.5980054140090942], "train_acc": [0.24915865063667297, 0.36576521396636963, 0.3837139308452606, 0.42349758744239807], "val_acc": [0.09985977411270142, 0.10056089609861374, 0.13251201808452606, 0.41997194290161133], "best_val_loss": {"loss": 1.5980054140090942, "epoch": 3}, "train_eval_loss": 1.5809707641601562, "train_eval_acc": 0.42658254504203796, "target_epochs": 4, "epochs_ran": 3, "train_time": 58.2668776512146, "file_name": "aug_at_end_data_skew_12_18_04-11-2021_21-39-49"}