{"train_losses": [2.075652837753296, 1.778047800064087, 1.604205846786499, 1.4739046096801758], "val_losses": [2.3495235443115234, 2.468580484390259, 2.750288486480713, 1.6454538106918335], "train_acc": [0.2347956746816635, 0.3392828404903412, 0.410997599363327, 0.46139824390411377], "val_acc": [0.09985977411270142, 0.10076121985912323, 0.14753605425357819, 0.40424680709838867], "best_val_loss": {"loss": 1.6454538106918335, "epoch": 3}, "train_eval_loss": 1.6014695167541504, "train_eval_acc": 0.4205729067325592, "target_epochs": 4, "epochs_ran": 3, "train_time": 58.1897668838501, "file_name": "aug_at_end_data_skew_12_11_04-11-2021_21-32-40"}