{"train_losses": [2.0183217525482178, 1.674182653427124, 1.4945615530014038, 1.3733464479446411], "val_losses": [2.3818235397338867, 2.764815092086792, 2.79807448387146, 1.7481247186660767], "train_acc": [0.25618991255760193, 0.38443508744239807, 0.4534855782985687, 0.5039863586425781], "val_acc": [0.09985977411270142, 0.10006009787321091, 0.19170673191547394, 0.4014423191547394], "best_val_loss": {"loss": 1.7481247186660767, "epoch": 3}, "train_eval_loss": 1.667373776435852, "train_eval_acc": 0.4236378073692322, "target_epochs": 4, "epochs_ran": 3, "train_time": 55.70789194107056, "file_name": "aug_at_end_data_skew_12_17_04-11-2021_21-38-48"}