{"train_losses": [2.0536463260650635, 1.716856598854065, 1.538572907447815, 1.407791018486023], "val_losses": [2.3214423656463623, 2.601468801498413, 2.638972043991089, 1.6189751625061035], "train_acc": [0.24226762354373932, 0.36330127716064453, 0.43313300609588623, 0.4870993494987488], "val_acc": [0.09985977411270142, 0.10016025602817535, 0.1263020783662796, 0.42307692766189575], "best_val_loss": {"loss": 1.6189751625061035, "epoch": 3}, "train_eval_loss": 1.565266728401184, "train_eval_acc": 0.4387419819831848, "target_epochs": 4, "epochs_ran": 3, "train_time": 55.33502149581909, "file_name": "aug_at_end_data_skew_12_14_04-11-2021_21-35-46"}