{"train_losses": [2.0703299045562744, 1.8738263845443726, 1.6242386102676392, 1.625316858291626], "val_losses": [2.342127799987793, 2.672720432281494, 2.719329833984375, 1.7400171756744385], "train_acc": [0.23269230127334595, 0.3029246926307678, 0.399178683757782, 0.4012419879436493], "val_acc": [0.09985977411270142, 0.09985977411270142, 0.16235977411270142, 0.38181090354919434], "best_val_loss": {"loss": 1.7400171756744385, "epoch": 3}, "train_eval_loss": 1.7183336019515991, "train_eval_acc": 0.38709935545921326, "target_epochs": 4, "epochs_ran": 3, "train_time": 57.92311096191406, "file_name": "aug_at_end_data_skew_12_21_04-11-2021_21-42-52"}