{"train_losses": [2.118330478668213, 1.830999732017517, 1.6160674095153809, 1.4551467895507812], "val_losses": [2.33988094329834, 2.6587672233581543, 3.490699291229248, 1.7391349077224731], "train_acc": [0.21071714162826538, 0.3165264427661896, 0.3951322138309479, 0.4647636115550995], "val_acc": [0.10016025602817535, 0.10016025602817535, 0.10486778616905212, 0.40625], "best_val_loss": {"loss": 1.7391349077224731, "epoch": 3}, "train_eval_loss": 1.7091819047927856, "train_eval_acc": 0.40949520468711853, "target_epochs": 4, "epochs_ran": 3, "train_time": 58.071486949920654, "file_name": "aug_at_end_data_skew_12_6_04-11-2021_21-27-30"}