{"train_losses": [1.998457431793213, 1.6649519205093384, 1.5021997690200806, 1.3828543424606323], "val_losses": [2.3638579845428467, 2.758640766143799, 3.2177863121032715, 1.4602524042129517], "train_acc": [0.2568509578704834, 0.3842548131942749, 0.44979968667030334, 0.4960136115550995], "val_acc": [0.09985977411270142, 0.10016025602817535, 0.10566907376050949, 0.47055289149284363], "best_val_loss": {"loss": 1.4602524042129517, "epoch": 3}, "train_eval_loss": 1.4020195007324219, "train_eval_acc": 0.4885616898536682, "target_epochs": 4, "epochs_ran": 3, "train_time": 57.8445200920105, "file_name": "aug_at_end_data_skew_12_8_04-11-2021_21-29-33"}