{"train_losses": [2.0780367851257324, 1.829673409461975, 1.6971015930175781, 1.5942238569259644], "val_losses": [2.4031269550323486, 2.7542829513549805, 3.6772892475128174, 1.7974203824996948], "train_acc": [0.22195513546466827, 0.3120793402194977, 0.36428284645080566, 0.40490785241127014], "val_acc": [0.09985977411270142, 0.10016025602817535, 0.10086137801408768, 0.34815704822540283], "best_val_loss": {"loss": 1.7974203824996948, "epoch": 3}, "train_eval_loss": 1.7878597974777222, "train_eval_acc": 0.3484174609184265, "target_epochs": 4, "epochs_ran": 3, "train_time": 60.123677492141724, "file_name": "aug_at_end_data_skew_12_4_04-11-2021_21-25-27"}