{"train_losses": [2.0092544555664062, 1.8197425603866577, 1.7653343677520752], "val_losses": [1.8471941947937012, 1.7811756134033203, 1.7423181533813477], "train_acc": [0.2841346263885498, 0.3620392680168152, 0.3821113705635071], "val_acc": [0.3560697138309479, 0.3834134638309479, 0.38812097907066345], "best_val_loss": {"loss": 1.7423181533813477, "epoch": 2}, "train_eval_loss": 1.7363070249557495, "train_eval_acc": 0.39326924085617065, "target_epochs": 3, "epochs_ran": 2, "train_time": 9.275012969970703, "file_name": "aug_comparison_7_04-11-2021_22-07-32", "loss": "sparse_categorical_crossentropy", "optimizer": "<tensorflow.python.keras.optimizer_v2.adam.Adam object at 0x7f62055d4940>", "early_stop": 10, "batch_size": 256, "lr_decay": {"total_epochs": 3, "e_decay": 4, "lr_decay_factor": 0.5, "lr_start": 0.003, "lr_min": 1e-05, "lr_warmup": 1e-05, "warmup_proportion": 0.1, "warmup_epoch_length": 0}, "aug_policy": "NA"}