{"train_losses": [1.9998102188110352, 1.6905437707901, 1.5315560102462769], "val_losses": [2.4228858947753906, 2.738400936126709, 2.9222779273986816], "train_acc": [0.25963541865348816, 0.3825520873069763, 0.4412059187889099], "val_acc": [0.09985977411270142, 0.10006009787321091, 0.11508413404226303], "best_val_loss": {"loss": 2.4228858947753906, "epoch": 0}, "train_eval_loss": 2.9252395629882812, "train_eval_acc": 0.11282051354646683, "target_epochs": 3, "epochs_ran": 2, "train_time": 46.504599809646606, "file_name": "aug_comparison_5_04-11-2021_22-06-53", "loss": "sparse_categorical_crossentropy", "optimizer": "<tensorflow.python.keras.optimizer_v2.adam.Adam object at 0x7f6af02e62b0>", "early_stop": 10, "batch_size": 256, "lr_decay": {"total_epochs": 3, "e_decay": 4, "lr_decay_factor": 0.5, "lr_start": 0.003, "lr_min": 1e-05, "lr_warmup": 1e-05, "warmup_proportion": 0.1, "warmup_epoch_length": 0}, "aug_policy": "NA"}