{"train_losses": [1.9693124294281006, 1.7970621585845947, 1.7411768436431885], "val_losses": [1.8379476070404053, 1.7663308382034302, 1.7150839567184448], "train_acc": [0.2996794879436493, 0.3690304458141327, 0.38778045773506165], "val_acc": [0.34815704822540283, 0.3795072138309479, 0.40574920177459717], "best_val_loss": {"loss": 1.7150839567184448, "epoch": 2}, "train_eval_loss": 1.713675618171692, "train_eval_acc": 0.4021434187889099, "target_epochs": 3, "epochs_ran": 2, "train_time": 8.365756750106812, "file_name": "aug_comparison_6_04-11-2021_22-07-03", "loss": "sparse_categorical_crossentropy", "optimizer": "<tensorflow.python.keras.optimizer_v2.adam.Adam object at 0x7f6b53c3b0a0>", "early_stop": 10, "batch_size": 256, "lr_decay": {"total_epochs": 3, "e_decay": 4, "lr_decay_factor": 0.5, "lr_start": 0.003, "lr_min": 1e-05, "lr_warmup": 1e-05, "warmup_proportion": 0.1, "warmup_epoch_length": 0}, "aug_policy": "NA"}