{"train_losses": [2.0212783813476562, 1.8159123659133911, 1.7734315395355225], "val_losses": [1.8601571321487427, 1.7930654287338257, 1.7454699277877808], "train_acc": [0.28465545177459717, 0.35981571674346924, 0.37516024708747864], "val_acc": [0.3370392620563507, 0.36688703298568726, 0.38882210850715637], "best_val_loss": {"loss": 1.7454699277877808, "epoch": 2}, "train_eval_loss": 1.7371094226837158, "train_eval_acc": 0.39358973503112793, "target_epochs": 3, "epochs_ran": 2, "train_time": 7.884993553161621, "file_name": "aug_comparison_2_04-11-2021_22-05-02", "loss": "sparse_categorical_crossentropy", "optimizer": "<tensorflow.python.keras.optimizer_v2.adam.Adam object at 0x7f6af9428af0>", "early_stop": 10, "batch_size": 256, "lr_decay": {"total_epochs": 3, "e_decay": 4, "lr_decay_factor": 0.5, "lr_start": 0.003, "lr_min": 1e-05, "lr_warmup": 1e-05, "warmup_proportion": 0.1, "warmup_epoch_length": 0}, "aug_policy": "NA"}