{"train_losses": [2.031111240386963, 1.7013553380966187, 1.5250095129013062], "val_losses": [2.373471736907959, 2.813263416290283, 3.082815647125244], "train_acc": [0.24811698496341705, 0.3763221204280853, 0.4434695541858673], "val_acc": [0.09985977411270142, 0.10016025602817535, 0.16456329822540283], "best_val_loss": {"loss": 2.373471736907959, "epoch": 0}, "train_eval_loss": 3.090081214904785, "train_eval_acc": 0.15979567170143127, "target_epochs": 3, "epochs_ran": 2, "train_time": 48.34573292732239, "file_name": "aug_comparison_3_04-11-2021_22-05-54", "loss": "sparse_categorical_crossentropy", "optimizer": "<tensorflow.python.keras.optimizer_v2.adam.Adam object at 0x7f6a9447c370>", "early_stop": 10, "batch_size": 256, "lr_decay": {"total_epochs": 3, "e_decay": 4, "lr_decay_factor": 0.5, "lr_start": 0.003, "lr_min": 1e-05, "lr_warmup": 1e-05, "warmup_proportion": 0.1, "warmup_epoch_length": 0}, "aug_policy": "NA"}