{"train_losses": [1.983101725578308, 1.814197063446045, 1.7562414407730103], "val_losses": [1.847682237625122, 1.8037514686584473, 1.7249906063079834], "train_acc": [0.29711538553237915, 0.3645232319831848, 0.38701921701431274], "val_acc": [0.34495192766189575, 0.3682892620563507, 0.39923879504203796], "best_val_loss": {"loss": 1.7249906063079834, "epoch": 2}, "train_eval_loss": 1.7109214067459106, "train_eval_acc": 0.4052884578704834, "target_epochs": 3, "epochs_ran": 2, "train_time": 8.28238821029663, "file_name": "aug_comparison_4_04-11-2021_22-06-03", "loss": "sparse_categorical_crossentropy", "optimizer": "<tensorflow.python.keras.optimizer_v2.adam.Adam object at 0x7f6a447106d0>", "early_stop": 10, "batch_size": 256, "lr_decay": {"total_epochs": 3, "e_decay": 4, "lr_decay_factor": 0.5, "lr_start": 0.003, "lr_min": 1e-05, "lr_warmup": 1e-05, "warmup_proportion": 0.1, "warmup_epoch_length": 0}, "aug_policy": "NA"}